AK,Adak Nas,PADK
AK,Ambler,PAFM
AK,Anaktuvuk Pass,PAKP
AK,Anchorage Intl,PANC
AK,ANCHORAGE/WFO,PAFC
AK,ANCHORAG/NIKISKI,PAHG
AK,ANCHORAGE/LAKE H,PALH
AK,ANCHORAGE/ARTCC,PZAN
AK,ANCHORAGE/MERRIL,PAMR
AK,ANGOON SEAPLANE,PAGN
AK,ANIAK,PANI
AK,ANNETTE ISLAND,PANT
AK,ANVIK,PANV
AK,ARCTIC VILLAGE,PARC
AK,ATQASUK BURNELL,PATQ
AK,ATKA,PAAK
AK,BARROW,PABR
AK,BARTER ISLAND,PABA
AK,BETHEL,PABE
AK,BETHEL/88D,PABC
AK,BETTLES,PABT
AK,BIG RIVER LAKES,PALV
AK,BIRCHWOOD,PABV
AK,BREVIG_MISSION,PFKT
AK,BUCKLAND,PABL
AK,CANTWELL,PATW
AK,CAPE LISBURNE,PALU
AK,CAPE NEWENHAM,PAEH
AK,CAPE ROMANZOF,PACZ
AK,CENTRAL,PARL
AK,CENTRAL,PACE
AK,CHANDALAR LAKE,PALR
AK,CHEVAK,PAVA
AK,CHIGNIK BAY,PAJC
AK,CIRCLE/PAFC RFC,PACR
AK,COLD BAY,PACD
AK,CORDOVA,PACV
AK,DEADHORSE,PASC
AK,DEERING,PADE
AK,DELTA JUNCTION,PABI
AK,DILLINGHAM,PADL
AK,EAGLE,PAEG
AK,EARECKSON/SHEMYA PASY,PASY
AK,EGEGIK,PAII
AK,EIELSON AFB,PAEI
AK,ELFIN COVE,PAEL
AK,ELIM APRT,PFEL
AK,ELMENDORF AFB,PAED
AK,EMMONAK,PAEM
AK,EUREKA,PAZK
AK,FAIRBANKS,PAFA
AK,FAIRBANKS/WFO,PAFG
AK,FRBNKS/PEDRO DOM,PAPD
AK,FAREWELL LAKE,PAFK
AK,FORT RICHARDSON,PAFR
AK,FORT WAINWRIGHT,PAFB
AK,FORT YUKON,PAFY
AK,FORT YUKON,PFYU
AK,FUNTER BAY,PAFN
AK,GALBRAITH LAKE,PAGB
AK,GALENA,PAGA
AK,GAMBELL,PAGM
AK,GLENNALLEN ,PROF
AK,GOLOVIN,PAGL
AK,GULKANA,PAGK
AK,GUSTAVUS,PAGS
AK,HAINES,PAHN
AK,HAYES RIVER,PAHZ
AK,HEALY,PAHV
AK,HOLY CROSS,PAHC
AK,HOMER,PAHO
AK,HOONAH,PAOH
AK,HOOPER BAY,PAHP
AK,HUSLIA,PAHS
AK,HUSLIA,PAHL
AK,HYDABURG,PAHY
AK,IGIUGIG,PAIG
AK,ILIAMNA,PAIL
AK,INDIAN MOUNTAIN,PAIM
AK,JUNEAU,PAJN
AK,JUNEAU/WFO,PAJK
AK,KAKE,PAFE
AK,KALSKAG,PALG
AK,KALTAG,PAKV
AK,KENAI,PAEN
AK,KETCHIKAN,PAKT
AK,KIANA,PAIK
AK,KING COVE,PAVC
AK,KING SALMON,PAKN
AK,KING SALMON/88D,PAKC
AK,KING SALMON AFS,KQRC
AK,KIPNUK,PAKI
AK,KIVALINA,PAVL
AK,KLAWOCK,PAKW
AK,KODIAK,PADQ
AK,KODIAK,PAKD
AK,KOLIGANEK,PAJZ
AK,KOTZEBUE,PAOT
AK,KOYUK,PAKK
AK,KUPARUK,PAKU
AK,MANLEY HOT SPRIN,PAML
AK,MANOKOTAK,PAMB
AK,MARSHALL,PADM
AK,MCCARTHY,PAMX
AK,MCGRATH,PAMC
AK,MCKINLEY PARK,PAIN
AK,MEKORYUK,PAMY
AK,METLAKATLA,PAMM
AK,MIDDLETON ISLAND,PAMD
AK,MIDDLETON IS 88D,PAIH
AK,MINCHUMINA,PAMH
AK,MOUNTAIN VILLAGE,PAMO
AK,NABESNA,PABN
AK,NELSON LAGOON,PAOU
AK,NENANA,PANN
AK,NEW STUYAHOK,PANW
AK,NIKOLAI,PAFS
AK,NOME,PAOM
AK,CHULITNA,PAEC
AK,NORTHWAY,PAOR
AK,NOATAK,PAWN
AK,NOORVIK,PFNO
AK,NUIQSUT,PAQT
AK,NUIQSUT VILLAGE,PALP
AK,OLIKTOK POINT,POLI
AK,PALMER,PAAQ
AK,PAXSON,PAXK
AK,PETERSBURG,PAPG
AK,PILOT POINT,PAPN
AK,PLATINUM,PAPM
AK,POINT HOPE,PAPO
AK,POINT LAY,PPIZ
AK,PORT ALEXANDER,PAAP
AK,PORT ALSWORTH,PALJ
AK,PORT CLARENCE,PAPC
AK,PORT HEIDEN,PAPH
AK,PORTAGE GLACIER,PATO
AK,PROSPECT CREEK,PAPR
AK,PRUDHOE BAY,PAUD
AK,PUNTILLA LAKE,PAPT
AK,REG DOG,PADG
AK,RUBY,PARY
AK,RUSSIAN MISSION,PARS
AK,SAINT MARYS,PASM
AK,SAND POINT,PASD
AK,SAVOONGA,PASA
AK,SCAMMON BAY,PACM
AK,SELAWIK,PASK
AK,SELDOVIA,PASO
AK,SEWARD,PAWD
AK,SHAKTOOLIK,PFSH
AK,SHISHMAREF,PASH
AK,SHUNGNAK,PAGH
AK,SITKA,PASI
AK,SITKA/BIORKA/88D,PACG
AK,SKAGWAY,PAGY
AK,SKWENTNA,PASW
AK,SLANA,PADT
AK,SLEETMUTE,PASL
AK,SNOWSHOE LAKE,PALK
AK,SOLDOTNA,PASX
AK,SPARREVOHN,PASV
AK,ST GEORGE,PAPB
AK,ST MICHAEL,PAMK
AK,ST PAUL ISLAND,PASN
AK,STONY RIVER LAND,PAER
AK,SUTTON,PAJV
AK,TAHNETNA PASS LO,PASP
AK,TALKEETNA,PATK
AK,TANANA,PATA
AK,TATALINA AFS,PATL
AK,TELLER,PATE
AK,TIN CITY AFS,PATC
AK,TOGIAK,PATG
AK,TOKSOOK BAY,PAOO
AK,UMIAT,PAUM
AK,UNALAKLEET,PAUN
AK,DUTCH HARBOR,PADU
AK,VALDEZ,PAVD
AK,VALDEZ WSO,PAVW
AK,WAINWRIGHT,PAWI
AK,WALES,PAIW
AK,WASILLA,PAWS
AK,WHITE MOUNTAIN,PAWM
AK,WHITTIER,PAWR
AK,WILLOW,PAUO
AK,WOLVERINE ROAD,PAIZ
AK,WRANGELL,PAWG
AK,YAKUTAT,PAYA
AK,ALASKAN ARTCC,PZ74
AK,ALASKAN ARTCC,PZ76
AL,ALABASTER        ,KEET 
AL  ,ALBERTVILLE MUNI ,K8A0
AL ,ALEXANDER/RUSSEL ,KALX  
AL ,ANDALUSIA/OPP AR ,K79J  
AL ,ANNISTON         ,KANB  
AL ,AUBURN OPELIKA A,KAUO 
AL  ,BIRMINGHAM       ,KBHM 
AL ,BRMNGHM/ALABASTR ,KBMX  
AL ,OZARK/CAIRNS AAF ,KOZR  
AL ,CENTREVILLE WSM  ,K0A8  
AL ,COURTLAND,K9A4  
AL ,CULLMAN/FOLSOM F,K3A1 
AL ,CULLMAN/FOLSOM F,KCMD
AL ,DECATUR,KDCU
AL ,DEMO[OLIS,KDYA
AL ,DOTHAN,KDHN
AL ,EUFAULA,KEUF
AL ,EVERGREEN,KGZH
AL ,FAIRHOPE,KCQF
AL ,FLORALA MUNI,K0J4
AL ,FT PAYNE/ISBELL,K4A9
AL ,FT RUCKER 88D,KEOX
AL ,FT RUCKER/SHELL,KSXS
AL ,FT RUCKER/HANCHE,KHEY
AL ,GADSDEN MUNI,KGAD
AL ,GREENVILLE,KPRN
AL ,GULF SHORES,KJKA
AL ,HALEYVILLE,K1M4
AL ,HUNTSVILLE/MADIS,KHSV
AL ,HUNTSVILLE/MADIS,KMDQ
AL ,HYTOP/88D,KHTX
AL ,JASPER/WALKER,KJFX
AL ,LOWE AHP/FT. RUC,KLOR
AL ,MAXWELL AFB 88D,KMXX
AL ,MAXWELL AFB/MGM,KMXF
AL ,MOBILE/BROOKLEY   ,KBFM
AL,MOBILE/BATES,KMOB
AL,MONTGOMERY,KMGM
AL,MUSCLE SHOAL,KMSL
AL,MONROEVILLE   ,KMVC
AL,PHI OIL PLAT   ,KRAM
AL,REDSTONE ARSENAL ,KHUA
AL,SCOTTSBORO ,K4A6
AL,SEMMNES VOR  ,KSJI
AL, TALLADEGA       ,KASN
AL,TROY,KTOI
AL,TUSCALOOSA,KTCL
AL,VULCAN VOR,KVUZ
AL,CENTREVILLE WSM  ,KCKL
AL,DAUPHIN ISLAND,K4R9
AL,FAIRHOPE,K4R4
AL,HUNTSVILLE/MADIS,KM82
AL,VIOSCA KNOLL768,KVOA  
AR,ARKADELPHIA,KADF
AR,BATESVILLE,KBVX
AR,BENTONVILLE,KH00
AR,BENTONVILLE,KVBT
AR,BENTONVILLE (NW),KXNA
AR,BLYTHEVILLE,KHKA
AR,BLYTHEVILLE,KBYH
AR,CAMDEN,KCDH
AR,CLINTON MUNI,KCCA
AR,CORNING,K4M9
AR,DE QUEEN,KDEQ
AR,DEQUEEN PROFILER,KDQU
AR,EL DORADO,KELD
AR,FAYETTEVILLE,KFYV
AR,FLIPPIN (AWOS),KFLP
AR,FORT SMITH,KFSM
AR,SLATINGTON MTN.,KSRX
AR,HARRISON,KHRO
AR,HOT SPRINGS,KHOT
AR,JONESBORO,KJBR
AR,LITTLE ROCK,KLIT
AR,LITTLE ROCK AFB,KLRF
AR,MENA INTERMTN,KMEZ
AR,W MEMPHIS MUNI,KAWM
AR,MONTICELLO,KLLQ
AR,MOUNT IDA,KMWT
AR,MOUNTAIN HOME,KBPK
AR,NEWPORT,KM19
AR,PINE BLUFF/GRIDR,KPBF
AR,RAZORBACK VOR,KRZC
AR,ROGERS,KROG
AR,RUSSELLVILLE,KRUE
AR,SEARCY,KSRC
AR,SILOAM SPRING,KSLG
AR,SPRINGDALE MUNI,KASG
AR,STUTTGART,KSGT
AR,TEXARKANA,KTXK
AR,WALNUT RIDGE,KARG
AR,ARKADELPHIA,KM89
AR,MENA INTERMTN,KM39
AZ,PHOENIX/SKY HRBR,KPHX
AZ,TUCSON,KTUS
AZ,BUCKEYE,KBXK
AZ,BULLHEAD CITY,KIFP
AZ,CASA GRANDA,KCGZ
AZ,CHANDLER/MESA,KIWA
AZ,CHANDLER,KCHD
AZ,COCONINO/FLAGSTF,KFSX
AZ,COLORADO CITY,KAZC
AZ,COOLIDGE MUNI,KP08
AZ,DAVIS/TUCSON,KDMA
AZ,DOUGLAS BISBEE,KDUG
AZ,FLAGSTAFF,KFLG
AZ,FLAGSTAFF/BELLEM,KFGZ
AZ,FORT HUACHUCA,KFHU
AZ,GILA BEND (AAF),KGXF
AZ,GLENDALE,KGEU
AZ,LUKE AFB/GLENDAL AFB/GLENDAL,KLUF
AZ,GOODYEAR MUNICIP MUNICIP,KGYR
AZ,GRAND CANYON,KGCN
AZ,GRAND CANYON/VAL,K40G
AZ,KINGMAN,KIGM
AZ,LAKE HAVASU CITY,KHII
AZ,MESA/FALCON FLD,KFFZ
AZ,NOGALES,KOLS
AZ,PAGE,KPGA
AZ,PAYSON,KPAN
AZ,PEACH SPRING,KPGS
AZ,PHOENIX/DEER VLY,KDVT
AZ,PIMA COUNTY/88D,KEMX
AZ,PIONEER AIRFIELD,KALK
AZ,PRESCOTT,KPRC
AZ,PRESCOTT(VOR),KDRK
AZ,SAFFORD,KSAD
AZ,SAN SIMON,KSSO
AZ,SCOTTSDALE,KSDL
AZ,SEDONA,KSEZ
AZ,SHOW LOW MUNICIP,KSOW
AZ,ST. JOHNS,KSJN
AZ,TUBA CITY,KTBC
AZ,TUCSON/WFO,KTWC
AZ,TUCSON/RYAN FLD,KRYN
AZ,WILLIAMS CLARK,KCMR
AZ,WINDOW ROCK,KRQE
AZ,WINSLOW,KINW
AZ,YUMA/88D,KYUX
AZ,YUMA INTL,KYUM
AZ,YUMA MCAS,KNYL
AZ,YUMA PRVG GROUN,K1Y7
AZ,YUMA (VOR),KBZA
AZ,GILA BEND (AAF),KGBN
AZ,NOGALES,K13A
AZ,PAYSON,K0E4
AZ,SAFFORD,KE74
AZ,SHOW LOW,KE03
AZ,TUBA CITY,KT03
AZ,WINDOW ROCK,KP34
CA,ALAMEDA NAS,KNGZ
CA,ALTURAS,KAAT
CA,APPLE VALLEY,KAPV
CA,ARCATA/EUREKA,KACV
CA,AUBURN MUNI,KAUN
CA,AVALON,KAVX
CA,BAKERSFIELD,KBFL
CA,BAKERSFIELD(VOR),KEHF
CA,BEALE AFB/MARYSV,KBAB
CA,BEALE/ORO DAM,KBBX
CA,BEAUMONT,KBUO
CA,BIG BEAR CITY,KL35
CA,BICYCLE LAKE,KBYS
CA,BISHOP,KBIH
CA,BLYTHE,KBLH
CA,BRIDGEPORT(MCMWT,KBAN
CA,BURBANK,KBUR
CA,BURNEY,KBNY
CA,CALEXICO INTL,KCXL
CA,CAMARILLO,KCMA
CA,CAMP PENDLETON,KNFG
CA,CAMP ROBERTS,KSYL
CA,CAMPO,KCZZ
CA,CARLSBAD,KCRQ
CA,CHICO MUNICIPAL,KCIC
CA,CHINA LAKE (NAF),KNID
CA,CHINO,KCNO
CA,COLUMBIA,KO22
CA,CONCORD,KCCR
CA,CORONA MUNI,KAJO
CA,CRESCENT CITY,KCEC
CA,DAGGETT,KDAG
CA,DAVIS,KEDU
CA,EDWARDS AFB,KEDW
CA,EDWARDS AFB/88D,KEYX
CA,EDWARDS N-AUX,K9L2
CA,EL CENTRO NAF,KNJK
CA,EL MONTE,KEMT
CA,EMIGRANT GAP,KBLU
CA,EUREKA/MURRAY,KEKA
CA,FORTUNA,KFOT
CA,FRESNO,KFAT
CA,FRESNO(VOR),KCZQ
CA,FRESNO CHANDLER,KFCH
CA,FULLERTON,KFUL
CA,GRASS VALLEY,KGOO
CA,HALF MOON BAY,KHAF
CA,HANFORD,KHJO
CA,HANFORD/SAN JOAQ,KHNX
CA,HANFORD,KO18
CA,HAWTHORNE,KHHR
CA,HAYWARD,KHWD
CA,HEALDSBURG,KHES
CA,HECTOR(VOR),KHEC
CA,HOLLISTER MUNI,KCVH
CA,HUMBOLDT CTY/88D,KBHX
CA,HUNTER LIGGET,KHGT
CA,IMPERIAL,KIPL
CA,IMPERIAL BEACH,KNRS
CA,INYOKERN,KIYK
CA,LA VERNE/BRACKET,KPOC
CA,LANCASTER/FOX,KWJF
CA,LEMOORE NAS/REEV,KNLC
CA,LINCOLN,KLHM
CA,LITTLE RIVER,KLLR
CA,LIVERMORE,KLVK
CA,LOMPOC,KLPC
CA,LONG BEACH,KLGB
CA,LOS ALAMITOS AAF,KSLI
CA,LOS ANGELES,KLAX
CA,LOS ANGELES/OXNA,KLOX
CA,LOS ANGELS/ARTCC,KZLA
CA,LOS ANGELES,KCQT
CA,LA / WHITEMAN,KWHP
CA,MADERA,KMAE
CA,MAMMOTH/JUNE LAK,KMMH
CA,MARYSVILLE,KMYV
CA,MATHER FIELD,KMHR
CA,MCCLELLAN AFB,KMCC
CA,MERCED,KMCE
CA,MERCED/CASTLE AF,KMER
CA,MIRAMAR NAS/SAN,KNKX
CA,MISSION BAY VOR,KMZB
CA,MODESTO,KMOD
CA,MOFFETT NAS/MTN,KNUQ
CA,MOJAVE,KMHV
CA,MONTAGUE/SISKIYO,KSIY
CA,MONTEREY,KMRY
CA,MOUNT SHASTA,KMHS
CA,MOUNT WILSON,KMWS
CA,MURRIETA/TEMECUL,KF70
CA,NAPA,KAPC
CA,NEEDLES,KEED
CA,NEWHALL,K3A6
CA,NORTH ISLAND NAS,KNZY
CA,NOVATO/GNOSS FLD,KDVO
CA,OAKLAND,KOAK
CA,OAKLAND/ARTCC,KZOA
CA,OCEANSIDE,KOKB
CA,OCEANSIDE/RED-B,KNXF
CA,ONTARIO,KONT
CA,ORANGE CTY/88D,KSOX
CA,ORCUTT OIL/VBG,KVBX
CA,OROVILLE,KOVE
CA,OXNARD,KOXR
CA,PALM SPRINGS,KPSP
CA,PALMDALE,KPMD
CA,PALMDALE,KGXA
CA,PALO ALTO,KPAO
CA,PASO ROBLES,KPRB
CA,PETALUMA,KO69
CA,PLACERVILLE,KPVF
CA,POINT MUGU NAS,KNTD
CA,POINT REYES VOR,KPYE
CA,PORTERVILLE,KPTV
CA,PT. PIEDRAS BLAN,K87Q
CA,RED BLUFF,KRBL
CA,REDDING,KRDD
CA,REDLANDS,KREI
CA,RIO VISTA,KO88
CA,RIVERSIDE,KRAL
CA,RIVERSIDE/MARCH,KRIV
CA,RAMONA,KRNM
CA,SACRAMENTO,KSAC
CA,SACRAMENTO/WFO,KSTO
CA,SACRAMENTO/RFC,KRSA
CA,SACRAMENTO/88D,KDAX
CA,SACRAMENTO/METRO,KSMF
CA,SALINAS,KSNS
CA,SAN BERNARDINO,KSBD
CA,SAN CARLOS AIRPO,KSQL
CA,SAN CLEMENTE IS.,KNUC
CA,SAN DIEGO,KSAN
CA,SAN DIEGO/MNTGMY,KMYF
CA,SAN DIEGO/BROWN,KSDM
CA,SAN DIEGO/SANTEE,KSEE
CA,SAN DIEGO/WFO,KSGX
CA,SAN FRANCISCO,KSFO
CA,SAN JOSE,KSJC
CA,SAN JOSE/REID,KRHV
CA,SAN LUIS OBISPO,KSBP
CA,SAN MARTIN,KE16
CA,SAN NICOLAS ISLA,KNSI
CA,SANDBERG,KSDB
CA,COSTA MESA,KSNA
CA,SANTA BARBARA,KSBA
CA,SANTA BARB(VOR),KRZS
CA,SANTA CLAR/88D,KMUX
CA,SANTA MARIA,KSMX
CA,SANTA MONICA,KSMO
CA,SANTA ROSA,KSTS
CA,SANTA YNEZ,KIZA
CA,SHELTER COVE,KO87
CA,SOUTH LAKE TAHOE,KTVL
CA,STOCKTON,KSCK
CA,SUSANVILLE MUNI,KSVE
CA,THERMAL/PALM SPG,KTRM
CA,TORRANCE MUNICIP,KTOA
CA,TRAVIS AFB/FAIRF,KSUU
CA,TRUCKEE TAHOE,KTRK
CA,TEHACHAPI,KTSP
CA,TRINITY CENTER,KO86
CA,TWENTYNINE PALMS,KNXP
CA,UKIAH,KUKI
CA,UKIAH(VOR),KENI
CA,VACAVILLE,KVCB
CA,VAN NUYS,KVNY
CA,VANDENBERG AFB,KVBG
CA,VANDENBERG RANGE,KXVW
CA,VENTURA CTY/88D,KVTX
CA,VICTORVILLE,KVCV
CA,VISALIA MUNI,KVIS
CA,WATSONVILLE,KWVI
CA,WEAVERVILLE,KO54
CA,ALTURAS,KO00
CA,ALTURAS,KS11
CA,BODEGA BAY,K92Q
CA,CROWS LANDING,KNRC
CA,EL TORO MCAS,KNZJ
CA,FORT ORD/FRITZSC,KOAR
CA,MONTAGUE/YREKA,K1O5
CA,OCEANSIDE,KL32
CA,PILAR POINT AFS,K53Q
CA,POINT ARGUELLO,KPGU
CA,POINT ARENA,KPAA
CA,ROMONA,KL39
CA,RANCHO MURIETA,KRIU
CA,SUPERIOR VALLEY,K4SU
CA,TUSTIN MCAS,KNTK
CA,VACAVILLE,KO45
CA,MARCH AFB/88D,KRIX
CO,DENVER (DIA),KDEN
CO,AKRON,KAKO
CO,ALAMOSA,KALS
CO,ASPEN,KASE
CO,BERTHOUD PASS,K0CO
CO,BOULDER DEN/WFO,KBOU
CO,BROOMFIELD/JEFFC,KBJC
CO,BUCKLEY ANGB/DEN,KBKF
CO,BURLINGTON,KITR
CO,CANON CITY,K1V6
CO,CHEYENNE MTN,KCWN
CO,COLORADO SPRINGS,KCOS
CO,CO SPNGS MEADOW,KFLY
CO,CORTEZ,KCEZ
CO,CRAIG,KCAG
CO,DENVER/ARAPAHOE,KAPA
CO,DENVER F. RANGE,KFTG
CO,DURANGO,KDRO
CO,EAGLE CO. REGION,KEGE
CO,RED TABLE VOR,KDBL
CO,FORT CARSON,KFCS
CO,FT COLLINS/LOVEL,KFNL
CO,GRAND JUNCTION,KGJT
CO,GRAND JUNCTION,KJNC
CO,GRAND JUNC/MESA,KGJX
CO,GREELEY/WELD,KGXY
CO,GUNNISON,KGUC
CO,GUNNISON(VOR),KHBU
CO,HAYDEN VOR,KCHE
CO,HAYDEN/YAMPA,KHDN
CO,LA JUNTA,KLHX
CO,LAMAR,KLAA
CO,LEADVILLE,KLXV
CO,LIMON,KLIC
CO,MEEKER,KEEO
CO,MONTROSE,KMTJ
CO,NUCLA/HOPKINS F,KAIB
CO,PETERSON AFB,KPEF
CO,PUEBLO CTY 88D,KPUX
CO,PUEBLO,KPUB
CO,RIFLE,KRIL
CO,SAGUACHE MUNI,K04V
CO,SCHRIEVER AFB,KSHM
CO,SPRINGFIELD,KSPD
CO,STEAMBOAT SPRING,KSBS
CO,MT WERNER SBS,K3MW
CO,TELLURIDE REGION,KTEX
CO,TOBE/VOR,KTBE
CO,TRINIDAD/ANIMAS,KTAD
CO,USAF ACADEMY/COS,KAFF
CO,DURANGO(AWRS),K4V5
CO,FORT COLLINS,KFCL
CO,FRASER,K4FC
CO,GUNNISON/AWRS,K2V9
CO,LAMAR,K4LJ
CO,SALIDA,KS29
CO,WINTER PARK,KC96
CO,YUMA,KYMA
CO,FLAGLER,KFLA
CO,KIRK,K72C
CO,STERLING,KSTK
CO,STRATTON,KSTR
CO,RED CLIFF PASS,KCCU
CO,RANGELY,K4V0
CO,BUENA VISTA,KAEJ
CO,DELTA/BLAKE FLD,KAJZ
CO,SALIDA,KANK
CO,BOULDER MUNI,KBDU
CO,ELLICOTT-B AFA,KABH
CO,ERIE MUNI,KEIK
CO,FORT MORGAN,KFMM
CO,GRANBY/GRAND CO,KGNB
CO,HOLYOKE,KHEQ
CO,LONGMONT/VBRAND,KLMO
CO,PAGOSA SPRINGS,KPSO
CO,WOLF CREEK PASS,KCPW
CO,CORONA PASS,KCRV
CO,MONUMENT/ELBERT,KMNH
CO,MONARCH PASS,KMYP
CO,LA VETA PASS,KVTP
CO,WALDEN,K33V
CO,KREMMLING AWOS,K20V
CO,WILKERSON PASS,K4BM
CO,SUNLIGHT,K5SM
CO,COTTONWOOD PASS,K7BM
CO,WRAY,K2V5
IL,ALTON/ST LOUIS R,KALN
IL,BLOOMINGTON/NORM,KBMI
IL,BRADFORD/VOR,KBDF
IL,CAHOKIA/ST LOUIS,KCPS
IL,CAIRO,KCIR
IL,CARBONDALE/MURPH,KMDH
IL,CARMI MUNI,KCUL
IL,CENTRALIA,KENL
IL,CHAMPAIGN/URBANA,KCMI
IL,CHICAGO,KMDW
IL,CHICAGO/OHARE,KORD
IL,CHICAGO/AURORA,KARR
IL,CHICAGO/DUPAGE,KDPA
IL,CHICAGO/MEIGS,KCGX
IL,CHICAGO/LANSING,KIGQ
IL,CHICAGO/ARTCC,KZAU
IL,DANVILLE,KDNV
IL,DECATUR,KDEC
IL,DECATUR,KAXC
IL,DE KALB,KDKB
IL,DIXON,KC73
IL,EFFINGHAM,K1H2
IL,FAIRFIELD,KFWC
IL,FREEPORT,KFEP
IL,FLORA,KFOA
IL,GALESBURG,KGBG
IL,GREENVILLE,KGRE
IL,HARRISBURG,KHSB
IL,JACKSONVILLE,KIJX
IL,JOLIET,KJOT
IL,KANKAKEE,KIKK
IL,LACON,KC75
IL,LAWRENCEVILLE,KLWV
IL,LINCOLN,KILX
IL,LINCOLN,KAAA
IL,LITCHFIELD MUNI,K3LF
IL,MACOMB MUNI,KMQB
IL,MARION REGIONAL,KMWA
IL,MARSEILLES,KMMO
IL,MATTOON/CHARLEST,KMTO
IL,METROPOLIS,KM30
IL,MOLINE/QUAD CITY,KMLI
IL,MONEE,KC56
IL,MORRIS-WASHBURN,KC09
IL,MOUNT CARMEL,KAJG
IL,MOUNT VERNON,KMVN
IL,OLNEY-NOBLE,KOLY
IL,PALWAUKEE,KPWK
IL,PEORIA,KPIA
IL,PARIS,KPRG
IL,PERU,KVYS
IL,PITTSFIELD,KPPQ
IL,PONTIAC,KPNT
IL,QUINCY MUNI/BALD,KUIN
IL,RANTOUL,KTIP
IL,ROBINSON MUNI,KRSV
IL,ROCKFORD,KRFD
IL,ROCHELLE/KORITZ,KRPJ
IL,ROMEOVILLE/CHI,KLOT
IL,SALEM/LECKRONE,KSLO
IL,SAVANNA/TRITOWN,KSFY
IL,SCOTT AFB/BELLEV,KBLV
IL,SPARTA,KSAR
IL,SPRINGFIELD,KSPI
IL,STERLING ROCKFAL,KSQI
IL,TAYLORVILLE,KTAZ
IL,VANDALIA,KVLA
IL,WAUKEGAN,KUGN
IL,WINCHESTER PROFI,KWNC
IL,GLENVIEW NAS,KNBU
IL,LINCOLN,K3LC
IL,RANTOUL,K2I5
IL,ROCHELLE/KORITZ,K12C
